{"facebook/bart-base": {"score": 30.24226259127205, "counts": [6756, 3954, 2412, 1452], "totals": [9999, 8999, 7999, 7004], "precisions": [67.56675667566756, 43.93821535726192, 30.153769221152643, 20.73101085094232], "bp": 0.8193696761052693, "sys_len": 9999, "ref_len": 11991, "average_inf_time": 0.6374633898735046}}