{"t5-base": {"score": 29.747490795091895, "counts": [3229, 1879, 1155, 708], "totals": [4836, 4336, 3836, 3338], "precisions": [66.77005789909016, 43.33487084870849, 30.10948905109489, 21.210305572198923], "bp": 0.8068316872008331, "sys_len": 4836, "ref_len": 5874, "average_inf_time": 0.5558911738395691}}