{"RUCAIBox/mvp": {"score": 28.561331654725258, "counts": [6508, 3739, 2246, 1362], "totals": [10046, 9046, 8046, 7052], "precisions": [64.78200278717898, 41.33318593853637, 27.914491672880935, 19.313669880884856], "bp": 0.8239796905437033, "sys_len": 10046, "ref_len": 11991, "average_inf_time": 1.8597030301094055}}